-- Dummy data for category table
INSERT INTO `Vending`.`category` (`vd_category_id`, `vd_category_name`) VALUES ('1', 'Frisdrank');
INSERT INTO `Vending`.`category` (`vd_category_id`, `vd_category_name`) VALUES ('2', 'Snoep');
INSERT INTO `Vending`.`category` (`vd_category_id`, `vd_category_name`) VALUES ('3', 'Chips');

-- Dummy data for user table
INSERT INTO user (vd_user_id, vd_user_name, vd_user_password, vd_user_function, vd_user_firstname, vd_user_lastname) VALUES(1, 'john_doe', 'password123', 'Manager', 'John', 'Doe');
INSERT INTO user (vd_user_id, vd_user_name, vd_user_password, vd_user_function, vd_user_firstname, vd_user_lastname) VALUES(2, 'jane_smith', 'abc123', 'Cashier', 'Jane', 'Smith');
INSERT INTO user (vd_user_id, vd_user_name, vd_user_password, vd_user_function, vd_user_firstname, vd_user_lastname) VALUES(3, 'mike_jackson', 'passw0rd', 'Stock Clerk', 'Mike', 'Jackson');
INSERT INTO user (vd_user_id, vd_user_name, vd_user_password, vd_user_function, vd_user_firstname, vd_user_lastname) VALUES(4, 'sara_adams', 'sara123', 'Assistant', 'Sara', 'Adams');
INSERT INTO user (vd_user_id, vd_user_name, vd_user_password, vd_user_function, vd_user_firstname, vd_user_lastname) VALUES(5, 'chris_brown', 'brownie', 'Technician', 'Chris', 'Brown');
INSERT INTO user (vd_user_id, vd_user_name, vd_user_password, vd_user_function, vd_user_firstname, vd_user_lastname) VALUES(6, 'emily_wilson', 'emily123', 'Manager', 'Emily', 'Wilson');
INSERT INTO user (vd_user_id, vd_user_name, vd_user_password, vd_user_function, vd_user_firstname, vd_user_lastname) VALUES(7, 'matt_jones', 'matt456', 'Cashier', 'Matt', 'Jones');
INSERT INTO user (vd_user_id, vd_user_name, vd_user_password, vd_user_function, vd_user_firstname, vd_user_lastname) VALUES(8, 'lisa_roberts', 'lisa789', 'Stock Clerk', 'Lisa', 'Roberts');
INSERT INTO user (vd_user_id, vd_user_name, vd_user_password, vd_user_function, vd_user_firstname, vd_user_lastname) VALUES(9, 'kevin_lee', 'kevin321', 'Assistant', 'Kevin', 'Lee');
INSERT INTO user (vd_user_id, vd_user_name, vd_user_password, vd_user_function, vd_user_firstname, vd_user_lastname) VALUES(10, 'sophia_miller', 'sophia567', 'Technician', 'Sophia', 'Miller');
INSERT INTO user (vd_user_id, vd_user_name, vd_user_password, vd_user_function, vd_user_firstname, vd_user_lastname) VALUES(11, 'david_brown', 'david789', 'Manager', 'David', 'Brown');
INSERT INTO user (vd_user_id, vd_user_name, vd_user_password, vd_user_function, vd_user_firstname, vd_user_lastname) VALUES(12, 'olivia_taylor', 'olivia123', 'Cashier', 'Olivia', 'Taylor');
INSERT INTO user (vd_user_id, vd_user_name, vd_user_password, vd_user_function, vd_user_firstname, vd_user_lastname) VALUES(13, 'michael_clark', 'michael456', 'Stock Clerk', 'Michael', 'Clark');
INSERT INTO user (vd_user_id, vd_user_name, vd_user_password, vd_user_function, vd_user_firstname, vd_user_lastname) VALUES(14, 'emma_anderson', 'emma789', 'Assistant', 'Emma', 'Anderson');
INSERT INTO user (vd_user_id, vd_user_name, vd_user_password, vd_user_function, vd_user_firstname, vd_user_lastname) VALUES(15, 'jacob_wilson', 'jacob123', 'Technician', 'Jacob', 'Wilson');
INSERT INTO user (vd_user_id, vd_user_name, vd_user_password, vd_user_function, vd_user_firstname, vd_user_lastname) VALUES(16, 'ava_thomas', 'ava456', 'Manager', 'Ava', 'Thomas');
INSERT INTO user (vd_user_id, vd_user_name, vd_user_password, vd_user_function, vd_user_firstname, vd_user_lastname) VALUES(17, 'ethan_jackson', 'ethan789', 'Cashier', 'Ethan', 'Jackson');
INSERT INTO user (vd_user_id, vd_user_name, vd_user_password, vd_user_function, vd_user_firstname, vd_user_lastname) VALUES(18, 'mia_martinez', 'mia123', 'Stock Clerk', 'Mia', 'Martinez');
INSERT INTO user (vd_user_id, vd_user_name, vd_user_password, vd_user_function, vd_user_firstname, vd_user_lastname) VALUES(19, 'alexander_taylor', 'alexander456', 'Assistant', 'Alexander', 'Taylor');
INSERT INTO user (vd_user_id, vd_user_name, vd_user_password, vd_user_function, vd_user_firstname, vd_user_lastname) VALUES(20, 'isabella_rodriguez', 'isabella789', 'Technician', 'Isabella', 'Rodriguez');
INSERT INTO user (vd_user_id, vd_user_name, vd_user_password, vd_user_function, vd_user_firstname, vd_user_lastname) VALUES(21, 'william_garcia', 'william123', 'Manager', 'William', 'Garcia');
INSERT INTO user (vd_user_id, vd_user_name, vd_user_password, vd_user_function, vd_user_firstname, vd_user_lastname) VALUES(22, 'amelia_hernandez', 'amelia456', 'Cashier', 'Amelia', 'Hernandez');
INSERT INTO user (vd_user_id, vd_user_name, vd_user_password, vd_user_function, vd_user_firstname, vd_user_lastname) VALUES(23, 'benjamin_martinez', 'benjamin789', 'Stock Clerk', 'Benjamin', 'Martinez');
INSERT INTO user (vd_user_id, vd_user_name, vd_user_password, vd_user_function, vd_user_firstname, vd_user_lastname) VALUES(24, 'sophia_lópez', 'sophia123', 'Assistant', 'Sophia', 'López');
INSERT INTO user (vd_user_id, vd_user_name, vd_user_password, vd_user_function, vd_user_firstname, vd_user_lastname) VALUES(25, 'daniel_rodríguez', 'daniel456', 'Technician', 'Daniel', 'Rodríguez');
-- Dummy data for product table
INSERT INTO product (vd_product_id, vd_product_code, vd_product_name, vd_product_price) VALUES(1, 'PROD001', 'Soda', 1.99);
INSERT INTO product (vd_product_id, vd_product_code, vd_product_name, vd_product_price) VALUES(2, 'PROD002', 'Chips', 2.49);
INSERT INTO product (vd_product_id, vd_product_code, vd_product_name, vd_product_price) VALUES(3, 'PROD003', 'Chocolate Bar', 1.29);
INSERT INTO product (vd_product_id, vd_product_code, vd_product_name, vd_product_price) VALUES(4, 'PROD004', 'Bottled Water', 0.99);
INSERT INTO product (vd_product_id, vd_product_code, vd_product_name, vd_product_price) VALUES(5, 'PROD005', 'Gum', 0.79);
INSERT INTO product (vd_product_id, vd_product_code, vd_product_name, vd_product_price) VALUES(6, 'PROD006', 'Cookies', 3.49);
INSERT INTO product (vd_product_id, vd_product_code, vd_product_name, vd_product_price) VALUES(7, 'PROD007', 'Energy Drink', 2.99);
INSERT INTO product (vd_product_id, vd_product_code, vd_product_name, vd_product_price) VALUES(8, 'PROD008', 'Granola Bar', 1.79);
INSERT INTO product (vd_product_id, vd_product_code, vd_product_name, vd_product_price) VALUES(9, 'PROD009', 'Juice Box', 1.59);
INSERT INTO product (vd_product_id, vd_product_code, vd_product_name, vd_product_price) VALUES(10, 'PROD010', 'Trail Mix', 2.19);
INSERT INTO product (vd_product_id, vd_product_code, vd_product_name, vd_product_price) VALUES(11, 'PROD011', 'Candy', 0.99);
INSERT INTO product (vd_product_id, vd_product_code, vd_product_name, vd_product_price) VALUES(12, 'PROD012', 'Yogurt', 2.29);
INSERT INTO product (vd_product_id, vd_product_code, vd_product_name, vd_product_price) VALUES(13, 'PROD013', 'Sandwich', 4.99);
INSERT INTO product (vd_product_id, vd_product_code, vd_product_name, vd_product_price) VALUES(14, 'PROD014', 'Fruit Cup', 2.49);
INSERT INTO product (vd_product_id, vd_product_code, vd_product_name, vd_product_price) VALUES(15, 'PROD015', 'Pretzels', 1.29);
INSERT INTO product (vd_product_id, vd_product_code, vd_product_name, vd_product_price) VALUES(16, 'PROD016', 'Popcorn', 1.99);
INSERT INTO product (vd_product_id, vd_product_code, vd_product_name, vd_product_price) VALUES(17, 'PROD017', 'Apple', 0.79);
INSERT INTO product (vd_product_id, vd_product_code, vd_product_name, vd_product_price) VALUES(18, 'PROD018', 'Orange', 0.89);
INSERT INTO product (vd_product_id, vd_product_code, vd_product_name, vd_product_price) VALUES(19, 'PROD019', 'Banana', 0.69);
INSERT INTO product (vd_product_id, vd_product_code, vd_product_name, vd_product_price) VALUES(20, 'PROD020', 'Muffin', 2.99);
INSERT INTO product (vd_product_id, vd_product_code, vd_product_name, vd_product_price) VALUES(21, 'PROD021', 'Bagel', 1.49);
INSERT INTO product (vd_product_id, vd_product_code, vd_product_name, vd_product_price) VALUES(22, 'PROD022', 'Cheese', 2.79);
INSERT INTO product (vd_product_id, vd_product_code, vd_product_name, vd_product_price) VALUES(23, 'PROD023', 'Crackers', 1.19);
INSERT INTO product (vd_product_id, vd_product_code, vd_product_name, vd_product_price) VALUES(24, 'PROD024', 'Salad', 5.49);
INSERT INTO product (vd_product_id, vd_product_code, vd_product_name, vd_product_price) VALUES(25, 'PROD025', 'Soup', 3.99);
-- Dummy data for inventory table
-- Generate dummy data for the inventory table
INSERT INTO inventory (vd_inventory_vending_machine_id, vd_inventory_product_id, vd_inventory_stock_quantity, vd_inventory_min_stock, vd_inventory_max_stock, vd_inventory_refill_stock)
SELECT
    machine_id AS vending_machine_id,
    product_id,
    FLOOR(RAND() * 100) + 1 AS stock_quantity, -- Random stock quantity between 1 and 100
    FLOOR(RAND() * 20) + 1 AS min_stock, -- Random min stock between 1 and 20
    FLOOR(RAND() * 100) + 21 AS max_stock, -- Random max stock between 21 and 120
    FLOOR(RAND() * 20) + 1 AS refill_stock -- Random refill stock between 1 and 20
FROM
(
    SELECT
        machine_id,
        product_id
    FROM
    (
        SELECT 1 AS machine_id UNION ALL
        SELECT 2 UNION ALL
        SELECT 3 UNION ALL
        SELECT 4 UNION ALL
        SELECT 5
    ) AS machines
    CROSS JOIN
    (
        SELECT 1 AS product_id UNION ALL
        SELECT 2 UNION ALL
        SELECT 3 UNION ALL
        SELECT 4 UNION ALL
        SELECT 5 UNION ALL
        SELECT 6 UNION ALL
        SELECT 7 UNION ALL
        SELECT 8 UNION ALL
        SELECT 9 UNION ALL
        SELECT 10
    ) AS products
) AS vending_data;

-- Dummy data for vending_machine table
INSERT INTO vending_machine (vd_vending_machine_ID, vd_vending_machine_location, vd_vending_machine_inventory_id) VALUES(1, 'Mall A', 1);
INSERT INTO vending_machine (vd_vending_machine_ID, vd_vending_machine_location, vd_vending_machine_inventory_id) VALUES(2, 'Station B', 2);
INSERT INTO vending_machine (vd_vending_machine_ID, vd_vending_machine_location, vd_vending_machine_inventory_id) VALUES(3, 'Airport C', 3);
INSERT INTO vending_machine (vd_vending_machine_ID, vd_vending_machine_location, vd_vending_machine_inventory_id) VALUES(4, 'Park D', 4);
INSERT INTO vending_machine (vd_vending_machine_ID, vd_vending_machine_location, vd_vending_machine_inventory_id) VALUES(5, 'Hospital E', 5);
INSERT INTO vending_machine (vd_vending_machine_ID, vd_vending_machine_location, vd_vending_machine_inventory_id) VALUES(6, 'Downtown Plaza', 6);
INSERT INTO vending_machine (vd_vending_machine_ID, vd_vending_machine_location, vd_vending_machine_inventory_id) VALUES(7, 'School Campus', 7);
INSERT INTO vending_machine (vd_vending_machine_ID, vd_vending_machine_location, vd_vending_machine_inventory_id) VALUES(8, 'Business Park', 8);
INSERT INTO vending_machine (vd_vending_machine_ID, vd_vending_machine_location, vd_vending_machine_inventory_id) VALUES(9, 'Recreation Center', 9);
INSERT INTO vending_machine (vd_vending_machine_ID, vd_vending_machine_location, vd_vending_machine_inventory_id) VALUES(10, 'Office Building', 10);
INSERT INTO vending_machine (vd_vending_machine_ID, vd_vending_machine_location, vd_vending_machine_inventory_id) VALUES(11, 'Shopping Mall', 11);
INSERT INTO vending_machine (vd_vending_machine_ID, vd_vending_machine_location, vd_vending_machine_inventory_id) VALUES(12, 'Airport Terminal', 12);
INSERT INTO vending_machine (vd_vending_machine_ID, vd_vending_machine_location, vd_vending_machine_inventory_id) VALUES(13, 'Train Station', 13);
INSERT INTO vending_machine (vd_vending_machine_ID, vd_vending_machine_location, vd_vending_machine_inventory_id) VALUES(14, 'Amusement Park', 14);
INSERT INTO vending_machine (vd_vending_machine_ID, vd_vending_machine_location, vd_vending_machine_inventory_id) VALUES(15, 'Movie Theater', 15);
INSERT INTO vending_machine (vd_vending_machine_ID, vd_vending_machine_location, vd_vending_machine_inventory_id) VALUES(16, 'Concert Venue', 16);
INSERT INTO vending_machine (vd_vending_machine_ID, vd_vending_machine_location, vd_vending_machine_inventory_id) VALUES(17, 'Beach Resort', 17);
INSERT INTO vending_machine (vd_vending_machine_ID, vd_vending_machine_location, vd_vending_machine_inventory_id) VALUES(18, 'Hotel Lobby', 18);
INSERT INTO vending_machine (vd_vending_machine_ID, vd_vending_machine_location, vd_vending_machine_inventory_id) VALUES(19, 'Convention Center', 19);
INSERT INTO vending_machine (vd_vending_machine_ID, vd_vending_machine_location, vd_vending_machine_inventory_id) VALUES(20, 'Hospital Ward', 20);
INSERT INTO vending_machine (vd_vending_machine_ID, vd_vending_machine_location, vd_vending_machine_inventory_id) VALUES(21, 'University Campus', 21);
INSERT INTO vending_machine (vd_vending_machine_ID, vd_vending_machine_location, vd_vending_machine_inventory_id) VALUES(22, 'Library Hall', 22);
INSERT INTO vending_machine (vd_vending_machine_ID, vd_vending_machine_location, vd_vending_machine_inventory_id) VALUES(23, 'Community Center', 23);
INSERT INTO vending_machine (vd_vending_machine_ID, vd_vending_machine_location, vd_vending_machine_inventory_id) VALUES(24, 'Gymnasium', 24);
INSERT INTO vending_machine (vd_vending_machine_ID, vd_vending_machine_location, vd_vending_machine_inventory_id) VALUES(25, 'Restaurant Patio', 25);
-- Dummy data for supplier table
INSERT INTO supplier (vd_supplier_id, vd_supplier_product_id, vd_supplier_name, vd_supplier_address, vd_supplier_postal_code, vd_supplier_city, vd_supplier_country, vd_supplier_phone_number, vd_supplier_email) VALUES(1, 1, 'Soda Co.', '123 Factory St', '11111', 'Manufacturetown', 'USA', '555-111-2222', 'info@soda.com');
INSERT INTO supplier (vd_supplier_id, vd_supplier_product_id, vd_supplier_name, vd_supplier_address, vd_supplier_postal_code, vd_supplier_city, vd_supplier_country, vd_supplier_phone_number, vd_supplier_email) VALUES(2, 2, 'Chips Inc.', '456 Crunchy Rd', '22222', 'Snackville', 'Canada', '444-222-3333', 'sales@chips.com');
INSERT INTO supplier (vd_supplier_id, vd_supplier_product_id, vd_supplier_name, vd_supplier_address, vd_supplier_postal_code, vd_supplier_city, vd_supplier_country, vd_supplier_phone_number, vd_supplier_email) VALUES(3, 3, 'Choco Ltd.', '789 Cocoa Ave', '33333', 'Sweetcity', 'Australia', '333-333-4444', 'contact@choco.com');
INSERT INTO supplier (vd_supplier_id, vd_supplier_product_id, vd_supplier_name, vd_supplier_address, vd_supplier_postal_code, vd_supplier_city, vd_supplier_country, vd_supplier_phone_number, vd_supplier_email) VALUES(4, 4, 'Water Enterprises', '321 Bottled Blvd', '44444', 'Hydrationtown', 'UK', '222-444-5555', 'support@water.com');
INSERT INTO supplier (vd_supplier_id, vd_supplier_product_id, vd_supplier_name, vd_supplier_address, vd_supplier_postal_code, vd_supplier_city, vd_supplier_country, vd_supplier_phone_number, vd_supplier_email) VALUES(5, 5, 'Gum Corp.', '654 Chewy Lane', '55555', 'Bubbletown', 'France', '111-555-6666', 'info@gum.com');
INSERT INTO supplier (vd_supplier_id, vd_supplier_product_id, vd_supplier_name, vd_supplier_address, vd_supplier_postal_code, vd_supplier_city, vd_supplier_country, vd_supplier_phone_number, vd_supplier_email) VALUES(6, 6, 'Cookie Co.', '789 Sugar Ave', '66666', 'Bakerytown', 'USA', '555-666-7777', 'info@cookie.com');
INSERT INTO supplier (vd_supplier_id, vd_supplier_product_id, vd_supplier_name, vd_supplier_address, vd_supplier_postal_code, vd_supplier_city, vd_supplier_country, vd_supplier_phone_number, vd_supplier_email) VALUES(7, 7, 'Energy Drink Ltd.', '321 Power St', '77777', 'Energetictown', 'Canada', '444-777-8888', 'sales@energydrink.com');
INSERT INTO supplier (vd_supplier_id, vd_supplier_product_id, vd_supplier_name, vd_supplier_address, vd_supplier_postal_code, vd_supplier_city, vd_supplier_country, vd_supplier_phone_number, vd_supplier_email) VALUES(8, 8, 'Granola Bar Inc.', '987 Crunch St', '88888', 'Nutritioustown', 'UK', '333-888-9999', 'contact@granola.com');
INSERT INTO supplier (vd_supplier_id, vd_supplier_product_id, vd_supplier_name, vd_supplier_address, vd_supplier_postal_code, vd_supplier_city, vd_supplier_country, vd_supplier_phone_number, vd_supplier_email) VALUES(9, 9, 'Juice Box Enterprises', '456 Juice Blvd', '99999', 'Fruitytown', 'Australia', '222-999-0000', 'support@juicebox.com');
INSERT INTO supplier (vd_supplier_id, vd_supplier_product_id, vd_supplier_name, vd_supplier_address, vd_supplier_postal_code, vd_supplier_city, vd_supplier_country, vd_supplier_phone_number, vd_supplier_email) VALUES(10, 10, 'Trail Mix Corp.', '159 Nutty Lane', '00000', 'Snacktown', 'France', '111-000-1111', 'info@trailmix.com');
INSERT INTO supplier (vd_supplier_id, vd_supplier_product_id, vd_supplier_name, vd_supplier_address, vd_supplier_postal_code, vd_supplier_city, vd_supplier_country, vd_supplier_phone_number, vd_supplier_email) VALUES(11, 11, 'Candy Company', '753 Sweet St', '11111', 'Candyland', 'Germany', '666-111-2222', 'sales@candy.com');
INSERT INTO supplier (vd_supplier_id, vd_supplier_product_id, vd_supplier_name, vd_supplier_address, vd_supplier_postal_code, vd_supplier_city, vd_supplier_country, vd_supplier_phone_number, vd_supplier_email) VALUES(12, 12, 'Yogurt Industries', '456 Dairy Ave', '22222', 'Creamytown', 'Italy', '777-222-3333', 'contact@yogurt.com');
INSERT INTO supplier (vd_supplier_id, vd_supplier_product_id, vd_supplier_name, vd_supplier_address, vd_supplier_postal_code, vd_supplier_city, vd_supplier_country, vd_supplier_phone_number, vd_supplier_email) VALUES(13, 13, 'Sandwich Solutions', '789 Deli Rd', '33333', 'Subtown', 'Japan', '888-333-4444', 'info@sandwich.com');
INSERT INTO supplier (vd_supplier_id, vd_supplier_product_id, vd_supplier_name, vd_supplier_address, vd_supplier_postal_code, vd_supplier_city, vd_supplier_country, vd_supplier_phone_number, vd_supplier_email) VALUES(14, 14, 'Fruit Cup Co.', '321 Orchard Blvd', '44444', 'Fruittown', 'Spain', '999-444-5555', 'support@fruitcup.com');
INSERT INTO supplier (vd_supplier_id, vd_supplier_product_id, vd_supplier_name, vd_supplier_address, vd_supplier_postal_code, vd_supplier_city, vd_supplier_country, vd_supplier_phone_number, vd_supplier_email) VALUES(15, 15, 'Pretzels Ltd.', '654 Twisty Lane', '55555', 'Salttown', 'Brazil', '333-555-6666', 'contact@pretzels.com');
INSERT INTO supplier (vd_supplier_id, vd_supplier_product_id, vd_supplier_name, vd_supplier_address, vd_supplier_postal_code, vd_supplier_city, vd_supplier_country, vd_supplier_phone_number, vd_supplier_email) VALUES(16, 16, 'Popcorn Enterprises', '987 Corn Ave', '66666', 'Poppingtown', 'Mexico', '777-666-7777', 'info@popcorn.com');
INSERT INTO supplier (vd_supplier_id, vd_supplier_product_id, vd_supplier_name, vd_supplier_address, vd_supplier_postal_code, vd_supplier_city, vd_supplier_country, vd_supplier_phone_number, vd_supplier_email) VALUES(17, 17, 'Apple Orchards', '159 Apple Rd', '77777', 'Appletown', 'Canada', '888-777-8888', 'sales@apple.com');
INSERT INTO supplier (vd_supplier_id, vd_supplier_product_id, vd_supplier_name, vd_supplier_address, vd_supplier_postal_code, vd_supplier_city, vd_supplier_country, vd_supplier_phone_number, vd_supplier_email) VALUES(18, 18, 'Orange Farms', '753 Citrus St', '88888', 'Orangetown', 'USA', '999-888-9999', 'contact@orange.com');
INSERT INTO supplier (vd_supplier_id, vd_supplier_product_id, vd_supplier_name, vd_supplier_address, vd_supplier_postal_code, vd_supplier_city, vd_supplier_country, vd_supplier_phone_number, vd_supplier_email) VALUES(19, 19, 'Banana Plantations', '456 Banana Blvd', '99999', 'Banana City', 'UK', '111-999-0000', 'info@banana.com');
INSERT INTO supplier (vd_supplier_id, vd_supplier_product_id, vd_supplier_name, vd_supplier_address, vd_supplier_postal_code, vd_supplier_city, vd_supplier_country, vd_supplier_phone_number, vd_supplier_email) VALUES(20, 20, 'Muffin Bakery', '789 Muffin Lane', '00000', 'Muffintown', 'Australia', '222-000-1111', 'sales@muffin.com');
INSERT INTO supplier (vd_supplier_id, vd_supplier_product_id, vd_supplier_name, vd_supplier_address, vd_supplier_postal_code, vd_supplier_city, vd_supplier_country, vd_supplier_phone_number, vd_supplier_email) VALUES(21, 21, 'Bagel Co.', '321 Bagel Rd', '11111', 'Bageltown', 'France', '333-111-2222', 'contact@bagel.com');
INSERT INTO supplier (vd_supplier_id, vd_supplier_product_id, vd_supplier_name, vd_supplier_address, vd_supplier_postal_code, vd_supplier_city, vd_supplier_country, vd_supplier_phone_number, vd_supplier_email) VALUES(22, 22, 'Cheese Factory', '654 Cheese Ave', '22222', 'Cheesetown', 'Germany', '444-222-3333', 'info@cheese.com');
INSERT INTO supplier (vd_supplier_id, vd_supplier_product_id, vd_supplier_name, vd_supplier_address, vd_supplier_postal_code, vd_supplier_city, vd_supplier_country, vd_supplier_phone_number, vd_supplier_email) VALUES(23, 23, 'Cracker Bakery', '987 Crisp Rd', '33333', 'Crunchytown', 'Italy', '555-333-4444', 'sales@cracker.com');
INSERT INTO supplier (vd_supplier_id, vd_supplier_product_id, vd_supplier_name, vd_supplier_address, vd_supplier_postal_code, vd_supplier_city, vd_supplier_country, vd_supplier_phone_number, vd_supplier_email) VALUES(24, 24, 'Salad Farms', '159 Greens St', '44444', 'Saladville', 'Spain', '666-444-5555', 'contact@salad.com');
INSERT INTO supplier (vd_supplier_id, vd_supplier_product_id, vd_supplier_name, vd_supplier_address, vd_supplier_postal_code, vd_supplier_city, vd_supplier_country, vd_supplier_phone_number, vd_supplier_email) VALUES(25, 25, 'Soup Co.', '753 Broth Ave', '55555', 'Souptown', 'Brazil', '777-555-6666', 'info@soup.com');

-- Create a temporary table to generate numbers from 1 to 20
CREATE TEMPORARY TABLE IF NOT EXISTS numbers (n INT);

-- Insert numbers from 1 to 20
INSERT INTO numbers (n) VALUES (1),(2),(3),(4),(5),(6),(7),(8),(9),(10),
                                (11),(12),(13),(14),(15),(16),(17),(18),(19),(20);

-- Generate dummy data for vending machine IDs 1 to 5
INSERT INTO invoice (vd_invoice_vending_machine_id, vd_invoice_product_id, vd_invoice_date, vd_invoice_time, vd_invoice_payment_id)
SELECT
    machine_id,
    FLOOR(RAND() * 10) + 1 AS product_id, -- Random product ID between 1 and 10
    DATE_ADD('2024-01-01', INTERVAL FLOOR(RAND() * DATEDIFF(CURDATE(), '2024-01-01')) DAY) AS invoice_date, -- Random date within a range up to today's date
    SEC_TO_TIME(FLOOR(RAND() * 86400)) AS invoice_time, -- Random time (in seconds) converted to TIME
    IF(n % 2 = 1, 1, 2) AS payment_id -- Alternating payment IDs (1 and 2)
FROM
    numbers
CROSS JOIN (
    SELECT 1 AS machine_id UNION ALL
    SELECT 2 UNION ALL
    SELECT 3 UNION ALL
    SELECT 4 UNION ALL
    SELECT 5
) AS machines
ORDER BY invoice_date, invoice_time; -- Order the results by invoice_date and invoice_time in ascending order

-- Drop the temporary table
DROP TEMPORARY TABLE IF EXISTS numbers;
