-- Dummy data for product table
INSERT INTO product (rs_product_id, rs_product_code, rs_product_name, rs_product_price) VALUES (1, 'P001', 'Product A', 10.99);
INSERT INTO product (rs_product_id, rs_product_code, rs_product_name, rs_product_price) VALUES (2, 'P002', 'Product B', 15.49);
INSERT INTO product (rs_product_id, rs_product_code, rs_product_name, rs_product_price) VALUES (3, 'P003', 'Product C', 20.00);
INSERT INTO product (rs_product_id, rs_product_code, rs_product_name, rs_product_price) VALUES (4, 'P004', 'Product D', 25.99);
INSERT INTO product (rs_product_id, rs_product_code, rs_product_name, rs_product_price) VALUES (5, 'P005', 'Product E', 30.49);
INSERT INTO product (rs_product_id, rs_product_code, rs_product_name, rs_product_price) VALUES (6, 'P006', 'Product F', 12.99);
INSERT INTO product (rs_product_id, rs_product_code, rs_product_name, rs_product_price) VALUES (7, 'P007', 'Product G', 18.49);
INSERT INTO product (rs_product_id, rs_product_code, rs_product_name, rs_product_price) VALUES (8, 'P008', 'Product H', 22.00);
INSERT INTO product (rs_product_id, rs_product_code, rs_product_name, rs_product_price) VALUES (9, 'P009', 'Product I', 17.99);
INSERT INTO product (rs_product_id, rs_product_code, rs_product_name, rs_product_price) VALUES (10, 'P010', 'Product J', 8.49);
INSERT INTO product (rs_product_id, rs_product_code, rs_product_name, rs_product_price) VALUES (11, 'P011', 'Product K', 14.99);
INSERT INTO product (rs_product_id, rs_product_code, rs_product_name, rs_product_price) VALUES (12, 'P012', 'Product L', 19.00);
INSERT INTO product (rs_product_id, rs_product_code, rs_product_name, rs_product_price) VALUES (13, 'P013', 'Product M', 11.99);
INSERT INTO product (rs_product_id, rs_product_code, rs_product_name, rs_product_price) VALUES (14, 'P014', 'Product N', 16.49);
INSERT INTO product (rs_product_id, rs_product_code, rs_product_name, rs_product_price) VALUES (15, 'P015', 'Product O', 21.00);
INSERT INTO product (rs_product_id, rs_product_code, rs_product_name, rs_product_price) VALUES (16, 'P016', 'Product P', 9.99);
INSERT INTO product (rs_product_id, rs_product_code, rs_product_name, rs_product_price) VALUES (17, 'P017', 'Product Q', 13.49);
INSERT INTO product (rs_product_id, rs_product_code, rs_product_name, rs_product_price) VALUES (18, 'P018', 'Product R', 18.00);
INSERT INTO product (rs_product_id, rs_product_code, rs_product_name, rs_product_price) VALUES (19, 'P019', 'Product S', 7.99);
INSERT INTO product (rs_product_id, rs_product_code, rs_product_name, rs_product_price) VALUES (20, 'P020', 'Product T', 11.49);
INSERT INTO product (rs_product_id, rs_product_code, rs_product_name, rs_product_price) VALUES (21, 'P021', 'Product U', 15.00);
INSERT INTO product (rs_product_id, rs_product_code, rs_product_name, rs_product_price) VALUES (22, 'P022', 'Product V', 9.99);
INSERT INTO product (rs_product_id, rs_product_code, rs_product_name, rs_product_price) VALUES (23, 'P023', 'Product W', 14.49);
INSERT INTO product (rs_product_id, rs_product_code, rs_product_name, rs_product_price) VALUES (24, 'P024', 'Product X', 16.00);
INSERT INTO product (rs_product_id, rs_product_code, rs_product_name, rs_product_price) VALUES (25, 'P025', 'Product Y', 20.99);
-- Dummy data for supplier table
INSERT INTO supplier (rs_supplier_id, rs_supplier_product_id, rs_supplier_name, rs_supplier_address, rs_supplier_postal_code, rs_supplier_city, rs_supplier_country, rs_supplier_phone_number, rs_supplier_email) VALUES (1, 1, 'Supplier A', '123 Supplier St', '54321', 'Suppliertown', 'USA', '+1122334455', 'supplierA@example.com');
INSERT INTO supplier (rs_supplier_id, rs_supplier_product_id, rs_supplier_name, rs_supplier_address, rs_supplier_postal_code, rs_supplier_city, rs_supplier_country, rs_supplier_phone_number, rs_supplier_email) VALUES (2, 2, 'Supplier B', '456 Supplier St', '98765', 'Another Suppliertown', 'USA', '+9988776655', 'supplierB@example.com');
INSERT INTO supplier (rs_supplier_id, rs_supplier_product_id, rs_supplier_name, rs_supplier_address, rs_supplier_postal_code, rs_supplier_city, rs_supplier_country, rs_supplier_phone_number, rs_supplier_email) VALUES (3, 3, 'Supplier C', '789 Supplier St', '13579', 'Yet Another Suppliertown', 'USA', '+5544332211', 'supplierC@example.com');
INSERT INTO supplier (rs_supplier_id, rs_supplier_product_id, rs_supplier_name, rs_supplier_address, rs_supplier_postal_code, rs_supplier_city, rs_supplier_country, rs_supplier_phone_number, rs_supplier_email) VALUES (4, 4, 'Supplier D', '444 Supplier St', '12345', 'Another Suppliertown', 'USA', '+4455667788', 'supplierD@example.com');
INSERT INTO supplier (rs_supplier_id, rs_supplier_product_id, rs_supplier_name, rs_supplier_address, rs_supplier_postal_code, rs_supplier_city, rs_supplier_country, rs_supplier_phone_number, rs_supplier_email) VALUES (5, 5, 'Supplier E', '555 Supplier St', '67890', 'Yet Another Suppliertown', 'USA', '+1122334455', 'supplierE@example.com');
INSERT INTO supplier (rs_supplier_id, rs_supplier_product_id, rs_supplier_name, rs_supplier_address, rs_supplier_postal_code, rs_supplier_city, rs_supplier_country, rs_supplier_phone_number, rs_supplier_email) VALUES (6, 6, 'Supplier F', '666 Supplier St', '24680', 'Yet Another Suppliertown', 'USA', '+2233445566', 'supplierF@example.com');
INSERT INTO supplier (rs_supplier_id, rs_supplier_product_id, rs_supplier_name, rs_supplier_address, rs_supplier_postal_code, rs_supplier_city, rs_supplier_country, rs_supplier_phone_number, rs_supplier_email) VALUES (7, 7, 'Supplier G', '777 Supplier St', '97531', 'Yet Another Suppliertown', 'USA', '+9988776655', 'supplierG@example.com');
INSERT INTO supplier (rs_supplier_id, rs_supplier_product_id, rs_supplier_name, rs_supplier_address, rs_supplier_postal_code, rs_supplier_city, rs_supplier_country, rs_supplier_phone_number, rs_supplier_email) VALUES (8, 8, 'Supplier H', '888 Supplier St', '86420', 'Yet Another Suppliertown', 'USA', '+1122334455', 'supplierH@example.com');
INSERT INTO supplier (rs_supplier_id, rs_supplier_product_id, rs_supplier_name, rs_supplier_address, rs_supplier_postal_code, rs_supplier_city, rs_supplier_country, rs_supplier_phone_number, rs_supplier_email) VALUES (9, 9, 'Supplier I', '999 Supplier St', '74125', 'Yet Another Suppliertown', 'USA', '+9988776655', 'supplierI@example.com');
INSERT INTO supplier (rs_supplier_id, rs_supplier_product_id, rs_supplier_name, rs_supplier_address, rs_supplier_postal_code, rs_supplier_city, rs_supplier_country, rs_supplier_phone_number, rs_supplier_email) VALUES (10, 10, 'Supplier J', '101 Supplier St', '85274', 'Yet Another Suppliertown', 'USA', '+4455667788', 'supplierJ@example.com');
INSERT INTO supplier (rs_supplier_id, rs_supplier_product_id, rs_supplier_name, rs_supplier_address, rs_supplier_postal_code, rs_supplier_city, rs_supplier_country, rs_supplier_phone_number, rs_supplier_email) VALUES (11, 11, 'Supplier K', '111 Supplier St', '96325', 'Yet Another Suppliertown', 'USA', '+2233445566', 'supplierK@example.com');
INSERT INTO supplier (rs_supplier_id, rs_supplier_product_id, rs_supplier_name, rs_supplier_address, rs_supplier_postal_code, rs_supplier_city, rs_supplier_country, rs_supplier_phone_number, rs_supplier_email) VALUES (12, 12, 'Supplier L', '121 Supplier St', '14785', 'Yet Another Suppliertown', 'USA', '+1122334455', 'supplierL@example.com');
INSERT INTO supplier (rs_supplier_id, rs_supplier_product_id, rs_supplier_name, rs_supplier_address, rs_supplier_postal_code, rs_supplier_city, rs_supplier_country, rs_supplier_phone_number, rs_supplier_email) VALUES (13, 13, 'Supplier M', '131 Supplier St', '25874', 'Yet Another Suppliertown', 'USA', '+9988776655', 'supplierM@example.com');
INSERT INTO supplier (rs_supplier_id, rs_supplier_product_id, rs_supplier_name, rs_supplier_address, rs_supplier_postal_code, rs_supplier_city, rs_supplier_country, rs_supplier_phone_number, rs_supplier_email) VALUES (14, 14, 'Supplier N', '141 Supplier St', '36985', 'Yet Another Suppliertown', 'USA', '+4455667788', 'supplierN@example.com');
INSERT INTO supplier (rs_supplier_id, rs_supplier_product_id, rs_supplier_name, rs_supplier_address, rs_supplier_postal_code, rs_supplier_city, rs_supplier_country, rs_supplier_phone_number, rs_supplier_email) VALUES (15, 15, 'Supplier O', '151 Supplier St', '45678', 'Yet Another Suppliertown', 'USA', '+2233445566', 'supplierO@example.com');
INSERT INTO supplier (rs_supplier_id, rs_supplier_product_id, rs_supplier_name, rs_supplier_address, rs_supplier_postal_code, rs_supplier_city, rs_supplier_country, rs_supplier_phone_number, rs_supplier_email) VALUES (16, 16, 'Supplier P', '161 Supplier St', '98745', 'Yet Another Suppliertown', 'USA', '+1122334455', 'supplierP@example.com');
INSERT INTO supplier (rs_supplier_id, rs_supplier_product_id, rs_supplier_name, rs_supplier_address, rs_supplier_postal_code, rs_supplier_city, rs_supplier_country, rs_supplier_phone_number, rs_supplier_email) VALUES (17, 17, 'Supplier Q', '171 Supplier St', '32165', 'Yet Another Suppliertown', 'USA', '+9988776655', 'supplierQ@example.com');
INSERT INTO supplier (rs_supplier_id, rs_supplier_product_id, rs_supplier_name, rs_supplier_address, rs_supplier_postal_code, rs_supplier_city, rs_supplier_country, rs_supplier_phone_number, rs_supplier_email) VALUES (18, 18, 'Supplier R', '181 Supplier St', '85236', 'Yet Another Suppliertown', 'USA', '+4455667788', 'supplierR@example.com');
INSERT INTO supplier (rs_supplier_id, rs_supplier_product_id, rs_supplier_name, rs_supplier_address, rs_supplier_postal_code, rs_supplier_city, rs_supplier_country, rs_supplier_phone_number, rs_supplier_email) VALUES (19, 19, 'Supplier S', '191 Supplier St', '98741', 'Yet Another Suppliertown', 'USA', '+2233445566', 'supplierS@example.com');
INSERT INTO supplier (rs_supplier_id, rs_supplier_product_id, rs_supplier_name, rs_supplier_address, rs_supplier_postal_code, rs_supplier_city, rs_supplier_country, rs_supplier_phone_number, rs_supplier_email) VALUES (20, 20, 'Supplier T', '201 Supplier St', '12369', 'Yet Another Suppliertown', 'USA', '+1122334455', 'supplierT@example.com');
INSERT INTO supplier (rs_supplier_id, rs_supplier_product_id, rs_supplier_name, rs_supplier_address, rs_supplier_postal_code, rs_supplier_city, rs_supplier_country, rs_supplier_phone_number, rs_supplier_email) VALUES (21, 21, 'Supplier U', '211 Supplier St', '45698', 'Yet Another Suppliertown', 'USA', '+9988776655', 'supplierU@example.com');
INSERT INTO supplier (rs_supplier_id, rs_supplier_product_id, rs_supplier_name, rs_supplier_address, rs_supplier_postal_code, rs_supplier_city, rs_supplier_country, rs_supplier_phone_number, rs_supplier_email) VALUES (22, 22, 'Supplier V', '221 Supplier St', '74125', 'Yet Another Suppliertown', 'USA', '+4455667788', 'supplierV@example.com');
INSERT INTO supplier (rs_supplier_id, rs_supplier_product_id, rs_supplier_name, rs_supplier_address, rs_supplier_postal_code, rs_supplier_city, rs_supplier_country, rs_supplier_phone_number, rs_supplier_email) VALUES (23, 23, 'Supplier W', '231 Supplier St', '85263', 'Yet Another Suppliertown', 'USA', '+2233445566', 'supplierW@example.com');
INSERT INTO supplier (rs_supplier_id, rs_supplier_product_id, rs_supplier_name, rs_supplier_address, rs_supplier_postal_code, rs_supplier_city, rs_supplier_country, rs_supplier_phone_number, rs_supplier_email) VALUES (24, 24, 'Supplier X', '241 Supplier St', '96321', 'Yet Another Suppliertown', 'USA', '+1122334455', 'supplierX@example.com');
INSERT INTO supplier (rs_supplier_id, rs_supplier_product_id, rs_supplier_name, rs_supplier_address, rs_supplier_postal_code, rs_supplier_city, rs_supplier_country, rs_supplier_phone_number, rs_supplier_email) VALUES (25, 25, 'Supplier Y', '251 Supplier St', '14789', 'Yet Another Suppliertown', 'USA', '+9988776655', 'supplierY@example.com');
-- Dummy data for menu table
INSERT INTO menu (rs_menu_id, rs_menu_category, rs_menu_name, rs_menu_description, rs_menu_price) VALUES(1, 'Appetizers', 'Appetizer A', 'Description for Appetizer A', 8.99);
INSERT INTO menu (rs_menu_id, rs_menu_category, rs_menu_name, rs_menu_description, rs_menu_price) VALUES(2, 'Main Course', 'Main Course B', 'Description for Main Course B', 18.99);
INSERT INTO menu (rs_menu_id, rs_menu_category, rs_menu_name, rs_menu_description, rs_menu_price) VALUES(3, 'Desserts', 'Dessert C', 'Description for Dessert C', 7.49);
INSERT INTO menu (rs_menu_id, rs_menu_category, rs_menu_name, rs_menu_description, rs_menu_price) VALUES(4, 'Appetizers', 'Appetizer D', 'Description for Appetizer D', 12.99);
INSERT INTO menu (rs_menu_id, rs_menu_category, rs_menu_name, rs_menu_description, rs_menu_price) VALUES(5, 'Main Course', 'Main Course E', 'Description for Main Course E', 22.99);
INSERT INTO menu (rs_menu_id, rs_menu_category, rs_menu_name, rs_menu_description, rs_menu_price) VALUES(6, 'Desserts', 'Dessert F', 'Description for Dessert F', 9.49);
INSERT INTO menu (rs_menu_id, rs_menu_category, rs_menu_name, rs_menu_description, rs_menu_price) VALUES(7, 'Appetizers', 'Appetizer G', 'Description for Appetizer G', 10.99);
INSERT INTO menu (rs_menu_id, rs_menu_category, rs_menu_name, rs_menu_description, rs_menu_price) VALUES(8, 'Main Course', 'Main Course H', 'Description for Main Course H', 20.99);
INSERT INTO menu (rs_menu_id, rs_menu_category, rs_menu_name, rs_menu_description, rs_menu_price) VALUES(9, 'Desserts', 'Dessert I', 'Description for Dessert I', 8.49);
INSERT INTO menu (rs_menu_id, rs_menu_category, rs_menu_name, rs_menu_description, rs_menu_price) VALUES(10, 'Appetizers', 'Appetizer J', 'Description for Appetizer J', 11.99);
INSERT INTO menu (rs_menu_id, rs_menu_category, rs_menu_name, rs_menu_description, rs_menu_price) VALUES(11, 'Main Course', 'Main Course K', 'Description for Main Course K', 19.99);
INSERT INTO menu (rs_menu_id, rs_menu_category, rs_menu_name, rs_menu_description, rs_menu_price) VALUES(12, 'Desserts', 'Dessert L', 'Description for Dessert L', 6.99);
INSERT INTO menu (rs_menu_id, rs_menu_category, rs_menu_name, rs_menu_description, rs_menu_price) VALUES(13, 'Appetizers', 'Appetizer M', 'Description for Appetizer M', 9.99);
INSERT INTO menu (rs_menu_id, rs_menu_category, rs_menu_name, rs_menu_description, rs_menu_price) VALUES(14, 'Main Course', 'Main Course N', 'Description for Main Course N', 16.99);
INSERT INTO menu (rs_menu_id, rs_menu_category, rs_menu_name, rs_menu_description, rs_menu_price) VALUES(15, 'Desserts', 'Dessert O', 'Description for Dessert O', 7.99);
INSERT INTO menu (rs_menu_id, rs_menu_category, rs_menu_name, rs_menu_description, rs_menu_price) VALUES(16, 'Appetizers', 'Appetizer P', 'Description for Appetizer P', 7.49);
INSERT INTO menu (rs_menu_id, rs_menu_category, rs_menu_name, rs_menu_description, rs_menu_price) VALUES(17, 'Main Course', 'Main Course Q', 'Description for Main Course Q', 14.49);
INSERT INTO menu (rs_menu_id, rs_menu_category, rs_menu_name, rs_menu_description, rs_menu_price) VALUES(18, 'Desserts', 'Dessert R', 'Description for Dessert R', 6.49);
INSERT INTO menu (rs_menu_id, rs_menu_category, rs_menu_name, rs_menu_description, rs_menu_price) VALUES(19, 'Appetizers', 'Appetizer S', 'Description for Appetizer S', 10.99);
INSERT INTO menu (rs_menu_id, rs_menu_category, rs_menu_name, rs_menu_description, rs_menu_price) VALUES(20, 'Main Course', 'Main Course T', 'Description for Main Course T', 18.99);
INSERT INTO menu (rs_menu_id, rs_menu_category, rs_menu_name, rs_menu_description, rs_menu_price) VALUES(21, 'Desserts', 'Dessert U', 'Description for Dessert U', 8.99);
INSERT INTO menu (rs_menu_id, rs_menu_category, rs_menu_name, rs_menu_description, rs_menu_price) VALUES(22, 'Appetizers', 'Appetizer V', 'Description for Appetizer V', 9.49);
INSERT INTO menu (rs_menu_id, rs_menu_category, rs_menu_name, rs_menu_description, rs_menu_price) VALUES(23, 'Main Course', 'Main Course W', 'Description for Main Course W', 17.99);
INSERT INTO menu (rs_menu_id, rs_menu_category, rs_menu_name, rs_menu_description, rs_menu_price) VALUES(24, 'Desserts', 'Dessert X', 'Description for Dessert X', 5.99);
INSERT INTO menu (rs_menu_id, rs_menu_category, rs_menu_name, rs_menu_description, rs_menu_price) VALUES(25, 'Appetizers', 'Appetizer Y', 'Description for Appetizer Y', 8.49);
-- Dummy data for inventory table
INSERT INTO inventory (rs_inventory_id, rs_inventory_product_id, rs_inventory_stock_quantity, rs_inventory_min_stock, rs_inventory_max_stock) VALUES(1, 1, 100, 20, 200);
INSERT INTO inventory (rs_inventory_id, rs_inventory_product_id, rs_inventory_stock_quantity, rs_inventory_min_stock, rs_inventory_max_stock) VALUES(2, 2, 50, 10, 100);
INSERT INTO inventory (rs_inventory_id, rs_inventory_product_id, rs_inventory_stock_quantity, rs_inventory_min_stock, rs_inventory_max_stock) VALUES(3, 3, 75, 15, 150);
INSERT INTO inventory (rs_inventory_id, rs_inventory_product_id, rs_inventory_stock_quantity, rs_inventory_min_stock, rs_inventory_max_stock) VALUES(4, 4, 120, 30, 250);
INSERT INTO inventory (rs_inventory_id, rs_inventory_product_id, rs_inventory_stock_quantity, rs_inventory_min_stock, rs_inventory_max_stock) VALUES(5, 5, 80, 20, 200);
INSERT INTO inventory (rs_inventory_id, rs_inventory_product_id, rs_inventory_stock_quantity, rs_inventory_min_stock, rs_inventory_max_stock) VALUES(6, 6, 60, 15, 150);
INSERT INTO inventory (rs_inventory_id, rs_inventory_product_id, rs_inventory_stock_quantity, rs_inventory_min_stock, rs_inventory_max_stock) VALUES(7, 7, 90, 25, 180);
INSERT INTO inventory (rs_inventory_id, rs_inventory_product_id, rs_inventory_stock_quantity, rs_inventory_min_stock, rs_inventory_max_stock) VALUES(8, 8, 110, 30, 220);
INSERT INTO inventory (rs_inventory_id, rs_inventory_product_id, rs_inventory_stock_quantity, rs_inventory_min_stock, rs_inventory_max_stock) VALUES(9, 9, 70, 20, 180);
INSERT INTO inventory (rs_inventory_id, rs_inventory_product_id, rs_inventory_stock_quantity, rs_inventory_min_stock, rs_inventory_max_stock) VALUES(10, 10, 40, 10, 120);
INSERT INTO inventory (rs_inventory_id, rs_inventory_product_id, rs_inventory_stock_quantity, rs_inventory_min_stock, rs_inventory_max_stock) VALUES(11, 11, 85, 25, 200);
INSERT INTO inventory (rs_inventory_id, rs_inventory_product_id, rs_inventory_stock_quantity, rs_inventory_min_stock, rs_inventory_max_stock) VALUES(12, 12, 55, 15, 150);
INSERT INTO inventory (rs_inventory_id, rs_inventory_product_id, rs_inventory_stock_quantity, rs_inventory_min_stock, rs_inventory_max_stock) VALUES(13, 13, 65, 20, 170);
INSERT INTO inventory (rs_inventory_id, rs_inventory_product_id, rs_inventory_stock_quantity, rs_inventory_min_stock, rs_inventory_max_stock) VALUES(14, 14, 95, 30, 220);
INSERT INTO inventory (rs_inventory_id, rs_inventory_product_id, rs_inventory_stock_quantity, rs_inventory_min_stock, rs_inventory_max_stock) VALUES(15, 15, 75, 20, 180);
INSERT INTO inventory (rs_inventory_id, rs_inventory_product_id, rs_inventory_stock_quantity, rs_inventory_min_stock, rs_inventory_max_stock) VALUES(16, 16, 35, 10, 120);
INSERT INTO inventory (rs_inventory_id, rs_inventory_product_id, rs_inventory_stock_quantity, rs_inventory_min_stock, rs_inventory_max_stock) VALUES(17, 17, 80, 25, 200);
INSERT INTO inventory (rs_inventory_id, rs_inventory_product_id, rs_inventory_stock_quantity, rs_inventory_min_stock, rs_inventory_max_stock) VALUES(18, 18, 50, 15, 150);
INSERT INTO inventory (rs_inventory_id, rs_inventory_product_id, rs_inventory_stock_quantity, rs_inventory_min_stock, rs_inventory_max_stock) VALUES(19, 19, 60, 20, 170);
INSERT INTO inventory (rs_inventory_id, rs_inventory_product_id, rs_inventory_stock_quantity, rs_inventory_min_stock, rs_inventory_max_stock) VALUES(20, 20, 100, 30, 220);
INSERT INTO inventory (rs_inventory_id, rs_inventory_product_id, rs_inventory_stock_quantity, rs_inventory_min_stock, rs_inventory_max_stock) VALUES(21, 21, 45, 10, 120);
INSERT INTO inventory (rs_inventory_id, rs_inventory_product_id, rs_inventory_stock_quantity, rs_inventory_min_stock, rs_inventory_max_stock) VALUES(22, 22, 90, 25, 200);
INSERT INTO inventory (rs_inventory_id, rs_inventory_product_id, rs_inventory_stock_quantity, rs_inventory_min_stock, rs_inventory_max_stock) VALUES(23, 23, 55, 15, 150);
INSERT INTO inventory (rs_inventory_id, rs_inventory_product_id, rs_inventory_stock_quantity, rs_inventory_min_stock, rs_inventory_max_stock) VALUES(24, 24, 70, 20, 170);
INSERT INTO inventory (rs_inventory_id, rs_inventory_product_id, rs_inventory_stock_quantity, rs_inventory_min_stock, rs_inventory_max_stock) VALUES(25, 25, 110, 30, 220);
-- Dummy data for user table
INSERT INTO user (rs_user_id, rs_user_name, rs_user_password, rs_user_function, rs_user_firstname, rs_user_lastname) VALUES(1, 'admin', 'admin123', 'Administrator', 'Admin', 'Smith');
INSERT INTO user (rs_user_id, rs_user_name, rs_user_password, rs_user_function, rs_user_firstname, rs_user_lastname) VALUES(2, 'manager', 'manager123', 'Manager', 'Manager', 'Johnson');
INSERT INTO user (rs_user_id, rs_user_name, rs_user_password, rs_user_function, rs_user_firstname, rs_user_lastname) VALUES(3, 'clerk', 'clerk123', 'Clerk', 'Clerk', 'Doe');
INSERT INTO user (rs_user_id, rs_user_name, rs_user_password, rs_user_function, rs_user_firstname, rs_user_lastname) VALUES(4, 'assistant', 'assistant123', 'Assistant', 'Assistant', 'Brown');
INSERT INTO user (rs_user_id, rs_user_name, rs_user_password, rs_user_function, rs_user_firstname, rs_user_lastname) VALUES(5, 'chef', 'chef123', 'Chef', 'Chef', 'Wilson');
INSERT INTO user (rs_user_id, rs_user_name, rs_user_password, rs_user_function, rs_user_firstname, rs_user_lastname) VALUES(6, 'waiter', 'waiter123', 'Waiter', 'Waiter', 'Garcia');
INSERT INTO user (rs_user_id, rs_user_name, rs_user_password, rs_user_function, rs_user_firstname, rs_user_lastname) VALUES(7, 'bartender', 'bartender123', 'Bartender', 'Bartender', 'Martinez');
INSERT INTO user (rs_user_id, rs_user_name, rs_user_password, rs_user_function, rs_user_firstname, rs_user_lastname) VALUES(8, 'cleaner', 'cleaner123', 'Cleaner', 'Cleaner', 'Rodriguez');
INSERT INTO user (rs_user_id, rs_user_name, rs_user_password, rs_user_function, rs_user_firstname, rs_user_lastname) VALUES(9, 'hostess', 'hostess123', 'Hostess', 'Hostess', 'Lee');
INSERT INTO user (rs_user_id, rs_user_name, rs_user_password, rs_user_function, rs_user_firstname, rs_user_lastname) VALUES(10, 'security', 'security123', 'Security', 'Security', 'Hernandez');
INSERT INTO user (rs_user_id, rs_user_name, rs_user_password, rs_user_function, rs_user_firstname, rs_user_lastname) VALUES(11, 'accountant', 'accountant123', 'Accountant', 'Accountant', 'Williams');
INSERT INTO user (rs_user_id, rs_user_name, rs_user_password, rs_user_function, rs_user_firstname, rs_user_lastname) VALUES(12, 'delivery', 'delivery123', 'Delivery', 'Delivery', 'Brown');
INSERT INTO user (rs_user_id, rs_user_name, rs_user_password, rs_user_function, rs_user_firstname, rs_user_lastname) VALUES(13, 'sommelier', 'sommelier123', 'Sommelier', 'Sommelier', 'Wilson');
INSERT INTO user (rs_user_id, rs_user_name, rs_user_password, rs_user_function, rs_user_firstname, rs_user_lastname) VALUES(14, 'supervisor', 'supervisor123', 'Supervisor', 'Supervisor', 'Garcia');
INSERT INTO user (rs_user_id, rs_user_name, rs_user_password, rs_user_function, rs_user_firstname, rs_user_lastname) VALUES(15, 'trainer', 'trainer123', 'Trainer', 'Trainer', 'Martinez');
INSERT INTO user (rs_user_id, rs_user_name, rs_user_password, rs_user_function, rs_user_firstname, rs_user_lastname) VALUES(16, 'dispatcher', 'dispatcher123', 'Dispatcher', 'Dispatcher', 'Rodriguez');
INSERT INTO user (rs_user_id, rs_user_name, rs_user_password, rs_user_function, rs_user_firstname, rs_user_lastname) VALUES(17, 'cashier', 'cashier123', 'Cashier', 'Cashier', 'Lee');
INSERT INTO user (rs_user_id, rs_user_name, rs_user_password, rs_user_function, rs_user_firstname, rs_user_lastname) VALUES(18, 'receptionist', 'receptionist123', 'Receptionist', 'Receptionist', 'Hernandez');
INSERT INTO user (rs_user_id, rs_user_name, rs_user_password, rs_user_function, rs_user_firstname, rs_user_lastname) VALUES(19, 'driver', 'driver123', 'Driver', 'Driver', 'Williams');
INSERT INTO user (rs_user_id, rs_user_name, rs_user_password, rs_user_function, rs_user_firstname, rs_user_lastname) VALUES(20, 'souschef', 'souschef123', 'Sous Chef', 'Sous', 'Brown');
INSERT INTO user (rs_user_id, rs_user_name, rs_user_password, rs_user_function, rs_user_firstname, rs_user_lastname) VALUES(21, 'mixologist', 'mixologist123', 'Mixologist', 'Mixologist', 'Wilson');
INSERT INTO user (rs_user_id, rs_user_name, rs_user_password, rs_user_function, rs_user_firstname, rs_user_lastname) VALUES(22, 'busser', 'busser123', 'Busser', 'Busser', 'Garcia');
INSERT INTO user (rs_user_id, rs_user_name, rs_user_password, rs_user_function, rs_user_firstname, rs_user_lastname) VALUES(23, 'janitor', 'janitor123', 'Janitor', 'Janitor', 'Martinez');
INSERT INTO user (rs_user_id, rs_user_name, rs_user_password, rs_user_function, rs_user_firstname, rs_user_lastname) VALUES(24, 'trainer', 'trainer123', 'Trainer', 'Trainer', 'Rodriguez');
INSERT INTO user (rs_user_id, rs_user_name, rs_user_password, rs_user_function, rs_user_firstname, rs_user_lastname) VALUES(25, 'waitstaff', 'waitstaff123', 'Waitstaff', 'Waitstaff', 'Lee');
-- Dummy data for table table
INSERT INTO `table` (rs_table_id, rs_table_amount_space, rs_table_reservation_id) VALUES(1, 4, NULL);
INSERT INTO `table` (rs_table_id, rs_table_amount_space, rs_table_reservation_id) VALUES(2, 6, NULL);
INSERT INTO `table` (rs_table_id, rs_table_amount_space, rs_table_reservation_id) VALUES(3, 2, NULL);
INSERT INTO `table` (rs_table_id, rs_table_amount_space, rs_table_reservation_id) VALUES(4, 8, NULL);
INSERT INTO `table` (rs_table_id, rs_table_amount_space, rs_table_reservation_id) VALUES(5, 4, NULL);
INSERT INTO `table` (rs_table_id, rs_table_amount_space, rs_table_reservation_id) VALUES(6, 6, NULL);
INSERT INTO `table` (rs_table_id, rs_table_amount_space, rs_table_reservation_id) VALUES(7, 2, NULL);
INSERT INTO `table` (rs_table_id, rs_table_amount_space, rs_table_reservation_id) VALUES(8, 8, NULL);
INSERT INTO `table` (rs_table_id, rs_table_amount_space, rs_table_reservation_id) VALUES(9, 4, NULL);
INSERT INTO `table` (rs_table_id, rs_table_amount_space, rs_table_reservation_id) VALUES(10, 6, NULL);
INSERT INTO `table` (rs_table_id, rs_table_amount_space, rs_table_reservation_id) VALUES(11, 2, NULL);
INSERT INTO `table` (rs_table_id, rs_table_amount_space, rs_table_reservation_id) VALUES(12, 8, NULL);
INSERT INTO `table` (rs_table_id, rs_table_amount_space, rs_table_reservation_id) VALUES(13, 4, NULL);
INSERT INTO `table` (rs_table_id, rs_table_amount_space, rs_table_reservation_id) VALUES(14, 6, NULL);
INSERT INTO `table` (rs_table_id, rs_table_amount_space, rs_table_reservation_id) VALUES(15, 2, NULL);
INSERT INTO `table` (rs_table_id, rs_table_amount_space, rs_table_reservation_id) VALUES(16, 8, NULL);
INSERT INTO `table` (rs_table_id, rs_table_amount_space, rs_table_reservation_id) VALUES(17, 4, NULL);
INSERT INTO `table` (rs_table_id, rs_table_amount_space, rs_table_reservation_id) VALUES(18, 6, NULL);
INSERT INTO `table` (rs_table_id, rs_table_amount_space, rs_table_reservation_id) VALUES(19, 2, NULL);
INSERT INTO `table` (rs_table_id, rs_table_amount_space, rs_table_reservation_id) VALUES(20, 8, NULL);
INSERT INTO `table` (rs_table_id, rs_table_amount_space, rs_table_reservation_id) VALUES(21, 4, NULL);
INSERT INTO `table` (rs_table_id, rs_table_amount_space, rs_table_reservation_id) VALUES(22, 6, NULL);
INSERT INTO `table` (rs_table_id, rs_table_amount_space, rs_table_reservation_id) VALUES(23, 2, NULL);
INSERT INTO `table` (rs_table_id, rs_table_amount_space, rs_table_reservation_id) VALUES(24, 8, NULL);
INSERT INTO `table` (rs_table_id, rs_table_amount_space, rs_table_reservation_id) VALUES(25, 4, NULL);
-- Dummy data for customer table
INSERT INTO customer (rs_customer_id, rs_customer_name, rs_customer_email, rs_customer_address, rs_customer_postal_code, rs_customer_city, rs_customer_country, rs_customer_phone_number) VALUES(1, 'John Doe', 'john.doe@example.com', '123 Main St', '12345', 'Anytown', 'USA', '+1234567890');
INSERT INTO customer (rs_customer_id, rs_customer_name, rs_customer_email, rs_customer_address, rs_customer_postal_code, rs_customer_city, rs_customer_country, rs_customer_phone_number) VALUES(2, 'Jane Smith', 'jane.smith@example.com', '456 Elm St', '54321', 'Othertown', 'USA', '+1987654321');
INSERT INTO customer (rs_customer_id, rs_customer_name, rs_customer_email, rs_customer_address, rs_customer_postal_code, rs_customer_city, rs_customer_country, rs_customer_phone_number) VALUES(3, 'Michael Johnson', 'michael.johnson@example.com', '789 Oak St', '67890', 'Somewhere', 'USA', '+1357924680');
INSERT INTO customer (rs_customer_id, rs_customer_name, rs_customer_email, rs_customer_address, rs_customer_postal_code, rs_customer_city, rs_customer_country, rs_customer_phone_number) VALUES(4, 'Alice Johnson', 'alice.johnson@example.com', '321 Pine St', '54321', 'Smalltown', 'USA', '+1122334455');
INSERT INTO customer (rs_customer_id, rs_customer_name, rs_customer_email, rs_customer_address, rs_customer_postal_code, rs_customer_city, rs_customer_country, rs_customer_phone_number) VALUES(5, 'Bob Williams', 'bob.williams@example.com', '654 Cedar St', '98765', 'Villagetown', 'USA', '+9988776655');
INSERT INTO customer (rs_customer_id, rs_customer_name, rs_customer_email, rs_customer_address, rs_customer_postal_code, rs_customer_city, rs_customer_country, rs_customer_phone_number) VALUES(6, 'Emily Brown', 'emily.brown@example.com', '987 Maple St', '13579', 'Ruraltown', 'USA', '+5544332211');
INSERT INTO customer (rs_customer_id, rs_customer_name, rs_customer_email, rs_customer_address, rs_customer_postal_code, rs_customer_city, rs_customer_country, rs_customer_phone_number) VALUES(7, 'David Wilson', 'david.wilson@example.com', '246 Oak St', '24680', 'Hometown', 'USA', '+1122334455');
INSERT INTO customer (rs_customer_id, rs_customer_name, rs_customer_email, rs_customer_address, rs_customer_postal_code, rs_customer_city, rs_customer_country, rs_customer_phone_number) VALUES(8, 'Sarah Garcia', 'sarah.garcia@example.com', '135 Pine St', '97531', 'Smalltown', 'USA', '+9988776655');
INSERT INTO customer (rs_customer_id, rs_customer_name, rs_customer_email, rs_customer_address, rs_customer_postal_code, rs_customer_city, rs_customer_country, rs_customer_phone_number) VALUES(9, 'James Martinez', 'james.martinez@example.com', '369 Cedar St', '86420', 'Othertown', 'USA', '+4455667788');
INSERT INTO customer (rs_customer_id, rs_customer_name, rs_customer_email, rs_customer_address, rs_customer_postal_code, rs_customer_city, rs_customer_country, rs_customer_phone_number) VALUES(10, 'Olivia Rodriguez', 'olivia.rodriguez@example.com', '753 Elm St', '12369', 'Villagetown', 'USA', '+2233445566');
INSERT INTO customer (rs_customer_id, rs_customer_name, rs_customer_email, rs_customer_address, rs_customer_postal_code, rs_customer_city, rs_customer_country, rs_customer_phone_number) VALUES(11, 'William Lee', 'william.lee@example.com', '159 Maple St', '96325', 'Somewhere', 'USA', '+8877665544');
INSERT INTO customer (rs_customer_id, rs_customer_name, rs_customer_email, rs_customer_address, rs_customer_postal_code, rs_customer_city, rs_customer_country, rs_customer_phone_number) VALUES(12, 'Sophia Hernandez', 'sophia.hernandez@example.com', '357 Oak St', '75369', 'Ruraltown', 'USA', '+9988776655');
INSERT INTO customer (rs_customer_id, rs_customer_name, rs_customer_email, rs_customer_address, rs_customer_postal_code, rs_customer_city, rs_customer_country, rs_customer_phone_number) VALUES(13, 'Emma Smith', 'emma.smith@example.com', '258 Pine St', '14785', 'Hometown', 'USA', '+4455667788');
INSERT INTO customer (rs_customer_id, rs_customer_name, rs_customer_email, rs_customer_address, rs_customer_postal_code, rs_customer_city, rs_customer_country, rs_customer_phone_number) VALUES(14, 'Alexander Johnson', 'alexander.johnson@example.com', '852 Cedar St', '25874', 'Smalltown', 'USA', '+2233445566');
INSERT INTO customer (rs_customer_id, rs_customer_name, rs_customer_email, rs_customer_address, rs_customer_postal_code, rs_customer_city, rs_customer_country, rs_customer_phone_number) VALUES(15, 'Ethan Williams', 'ethan.williams@example.com', '753 Elm St', '98547', 'Othertown', 'USA', '+1122334455');
INSERT INTO customer (rs_customer_id, rs_customer_name, rs_customer_email, rs_customer_address, rs_customer_postal_code, rs_customer_city, rs_customer_country, rs_customer_phone_number) VALUES(16, 'Isabella Brown', 'isabella.brown@example.com', '456 Maple St', '36985', 'Villagetown', 'USA', '+9988776655');
INSERT INTO customer (rs_customer_id, rs_customer_name, rs_customer_email, rs_customer_address, rs_customer_postal_code, rs_customer_city, rs_customer_country, rs_customer_phone_number) VALUES(17, 'Mia Wilson', 'mia.wilson@example.com', '369 Oak St', '74125', 'Somewhere', 'USA', '+4455667788');
INSERT INTO customer (rs_customer_id, rs_customer_name, rs_customer_email, rs_customer_address, rs_customer_postal_code, rs_customer_city, rs_customer_country, rs_customer_phone_number) VALUES(18, 'Charlotte Garcia', 'charlotte.garcia@example.com', '951 Pine St', '85274', 'Ruraltown', 'USA', '+2233445566');
INSERT INTO customer (rs_customer_id, rs_customer_name, rs_customer_email, rs_customer_address, rs_customer_postal_code, rs_customer_city, rs_customer_country, rs_customer_phone_number) VALUES(19, 'Amelia Martinez', 'amelia.martinez@example.com', '753 Cedar St', '12345', 'Hometown', 'USA', '+1122334455');
INSERT INTO customer (rs_customer_id, rs_customer_name, rs_customer_email, rs_customer_address, rs_customer_postal_code, rs_customer_city, rs_customer_country, rs_customer_phone_number) VALUES(20, 'Liam Rodriguez', 'liam.rodriguez@example.com', '159 Elm St', '78945', 'Smalltown', 'USA', '+9988776655');
INSERT INTO customer (rs_customer_id, rs_customer_name, rs_customer_email, rs_customer_address, rs_customer_postal_code, rs_customer_city, rs_customer_country, rs_customer_phone_number) VALUES(21, 'Benjamin Lee', 'benjamin.lee@example.com', '357 Maple St', '65478', 'Othertown', 'USA', '+4455667788');
INSERT INTO customer (rs_customer_id, rs_customer_name, rs_customer_email, rs_customer_address, rs_customer_postal_code, rs_customer_city, rs_customer_country, rs_customer_phone_number) VALUES(22, 'Zoe Hernandez', 'zoe.hernandez@example.com', '258 Oak St', '32165', 'Villagetown', 'USA', '+2233445566');
INSERT INTO customer (rs_customer_id, rs_customer_name, rs_customer_email, rs_customer_address, rs_customer_postal_code, rs_customer_city, rs_customer_country, rs_customer_phone_number) VALUES(23, 'Henry Smith', 'henry.smith@example.com', '753 Pine St', '98765', 'Somewhere', 'USA', '+1122334455');
INSERT INTO customer (rs_customer_id, rs_customer_name, rs_customer_email, rs_customer_address, rs_customer_postal_code, rs_customer_city, rs_customer_country, rs_customer_phone_number) VALUES(24, 'Jackson Williams', 'jackson.williams@example.com', '456 Cedar St', '45678', 'Ruraltown', 'USA', '+9988776655');
INSERT INTO customer (rs_customer_id, rs_customer_name, rs_customer_email, rs_customer_address, rs_customer_postal_code, rs_customer_city, rs_customer_country, rs_customer_phone_number) VALUES(25, 'Aria Brown', 'aria.brown@example.com', '951 Elm St', '98745', 'Hometown', 'USA', '+4455667788');
-- Dummy data for reservation table
INSERT INTO reservation (rs_reservation_id, rs_reservation_customer_id, rs_reservation_amount, rs_reservation_time, rs_reservation_day, rs_reservation_table_id) VALUES(1, 1, 4, '12:00:00', '2024-03-01', 1);
INSERT INTO reservation (rs_reservation_id, rs_reservation_customer_id, rs_reservation_amount, rs_reservation_time, rs_reservation_day, rs_reservation_table_id) VALUES(2, 2, 6, '18:00:00', '2024-03-02', 2);
INSERT INTO reservation (rs_reservation_id, rs_reservation_customer_id, rs_reservation_amount, rs_reservation_time, rs_reservation_day, rs_reservation_table_id) VALUES(3, 3, 8, '20:00:00', '2024-03-03', 3);
INSERT INTO reservation (rs_reservation_id, rs_reservation_customer_id, rs_reservation_amount, rs_reservation_time, rs_reservation_day, rs_reservation_table_id) VALUES(4, 4, 6, '16:00:00', '2024-03-04', 4);
INSERT INTO reservation (rs_reservation_id, rs_reservation_customer_id, rs_reservation_amount, rs_reservation_time, rs_reservation_day, rs_reservation_table_id) VALUES(5, 5, 8, '20:00:00', '2024-03-05', 5);
INSERT INTO reservation (rs_reservation_id, rs_reservation_customer_id, rs_reservation_amount, rs_reservation_time, rs_reservation_day, rs_reservation_table_id) VALUES(6, 6, 4, '12:30:00', '2024-03-06', 6);
INSERT INTO reservation (rs_reservation_id, rs_reservation_customer_id, rs_reservation_amount, rs_reservation_time, rs_reservation_day, rs_reservation_table_id) VALUES(7, 7, 6, '18:30:00', '2024-03-07', 7);
INSERT INTO reservation (rs_reservation_id, rs_reservation_customer_id, rs_reservation_amount, rs_reservation_time, rs_reservation_day, rs_reservation_table_id) VALUES(8, 8, 8, '19:00:00', '2024-03-08', 8);
INSERT INTO reservation (rs_reservation_id, rs_reservation_customer_id, rs_reservation_amount, rs_reservation_time, rs_reservation_day, rs_reservation_table_id) VALUES(9, 9, 4, '13:00:00', '2024-03-09', 9);
INSERT INTO reservation (rs_reservation_id, rs_reservation_customer_id, rs_reservation_amount, rs_reservation_time, rs_reservation_day, rs_reservation_table_id) VALUES(10, 10, 6, '17:30:00', '2024-03-10', 10);
INSERT INTO reservation (rs_reservation_id, rs_reservation_customer_id, rs_reservation_amount, rs_reservation_time, rs_reservation_day, rs_reservation_table_id) VALUES(11, 11, 8, '20:30:00', '2024-03-11', 11);
INSERT INTO reservation (rs_reservation_id, rs_reservation_customer_id, rs_reservation_amount, rs_reservation_time, rs_reservation_day, rs_reservation_table_id) VALUES(12, 12, 6, '14:00:00', '2024-03-12', 12);
INSERT INTO reservation (rs_reservation_id, rs_reservation_customer_id, rs_reservation_amount, rs_reservation_time, rs_reservation_day, rs_reservation_table_id) VALUES(13, 13, 4, '16:30:00', '2024-03-13', 13);
INSERT INTO reservation (rs_reservation_id, rs_reservation_customer_id, rs_reservation_amount, rs_reservation_time, rs_reservation_day, rs_reservation_table_id) VALUES(14, 14, 6, '18:00:00', '2024-03-14', 14);
INSERT INTO reservation (rs_reservation_id, rs_reservation_customer_id, rs_reservation_amount, rs_reservation_time, rs_reservation_day, rs_reservation_table_id) VALUES(15, 15, 8, '20:00:00', '2024-03-15', 15);
INSERT INTO reservation (rs_reservation_id, rs_reservation_customer_id, rs_reservation_amount, rs_reservation_time, rs_reservation_day, rs_reservation_table_id) VALUES(16, 16, 4, '12:30:00', '2024-03-16', 16);
INSERT INTO reservation (rs_reservation_id, rs_reservation_customer_id, rs_reservation_amount, rs_reservation_time, rs_reservation_day, rs_reservation_table_id) VALUES(17, 17, 6, '18:30:00', '2024-03-17', 17);
INSERT INTO reservation (rs_reservation_id, rs_reservation_customer_id, rs_reservation_amount, rs_reservation_time, rs_reservation_day, rs_reservation_table_id) VALUES(18, 18, 8, '19:00:00', '2024-03-18', 18);
INSERT INTO reservation (rs_reservation_id, rs_reservation_customer_id, rs_reservation_amount, rs_reservation_time, rs_reservation_day, rs_reservation_table_id) VALUES(19, 19, 4, '13:00:00', '2024-03-19', 19);
INSERT INTO reservation (rs_reservation_id, rs_reservation_customer_id, rs_reservation_amount, rs_reservation_time, rs_reservation_day, rs_reservation_table_id) VALUES(20, 20, 6, '17:30:00', '2024-03-20', 20);
INSERT INTO reservation (rs_reservation_id, rs_reservation_customer_id, rs_reservation_amount, rs_reservation_time, rs_reservation_day, rs_reservation_table_id) VALUES(21, 21, 8, '20:30:00', '2024-03-21', 21);
INSERT INTO reservation (rs_reservation_id, rs_reservation_customer_id, rs_reservation_amount, rs_reservation_time, rs_reservation_day, rs_reservation_table_id) VALUES(22, 22, 6, '14:00:00', '2024-03-22', 22);
INSERT INTO reservation (rs_reservation_id, rs_reservation_customer_id, rs_reservation_amount, rs_reservation_time, rs_reservation_day, rs_reservation_table_id) VALUES(23, 23, 4, '16:30:00', '2024-03-23', 23);
INSERT INTO reservation (rs_reservation_id, rs_reservation_customer_id, rs_reservation_amount, rs_reservation_time, rs_reservation_day, rs_reservation_table_id) VALUES(24, 24, 6, '18:00:00', '2024-03-24', 24);
INSERT INTO reservation (rs_reservation_id, rs_reservation_customer_id, rs_reservation_amount, rs_reservation_time, rs_reservation_day, rs_reservation_table_id) VALUES(25, 25, 8, '20:00:00', '2024-03-25', 25);
-- Dummy data for invoice table
INSERT INTO invoice (rs_invoice_id, rs_invoice_customer_id, rs_invoice_user_id) VALUES(1, 1, 1);
INSERT INTO invoice (rs_invoice_id, rs_invoice_customer_id, rs_invoice_user_id) VALUES(2, 2, 2);
INSERT INTO invoice (rs_invoice_id, rs_invoice_customer_id, rs_invoice_user_id) VALUES(3, 3, 3);
INSERT INTO invoice (rs_invoice_id, rs_invoice_customer_id, rs_invoice_user_id) VALUES(4, 4, 4);
INSERT INTO invoice (rs_invoice_id, rs_invoice_customer_id, rs_invoice_user_id) VALUES(5, 5, 5);
INSERT INTO invoice (rs_invoice_id, rs_invoice_customer_id, rs_invoice_user_id) VALUES(6, 6, 6);
INSERT INTO invoice (rs_invoice_id, rs_invoice_customer_id, rs_invoice_user_id) VALUES(7, 7, 7);
INSERT INTO invoice (rs_invoice_id, rs_invoice_customer_id, rs_invoice_user_id) VALUES(8, 8, 8);
INSERT INTO invoice (rs_invoice_id, rs_invoice_customer_id, rs_invoice_user_id) VALUES(9, 9, 9);
INSERT INTO invoice (rs_invoice_id, rs_invoice_customer_id, rs_invoice_user_id) VALUES(10, 10, 10);
INSERT INTO invoice (rs_invoice_id, rs_invoice_customer_id, rs_invoice_user_id) VALUES(11, 11, 11);
INSERT INTO invoice (rs_invoice_id, rs_invoice_customer_id, rs_invoice_user_id) VALUES(12, 12, 12);
INSERT INTO invoice (rs_invoice_id, rs_invoice_customer_id, rs_invoice_user_id) VALUES(13, 13, 13);
INSERT INTO invoice (rs_invoice_id, rs_invoice_customer_id, rs_invoice_user_id) VALUES(14, 14, 14);
INSERT INTO invoice (rs_invoice_id, rs_invoice_customer_id, rs_invoice_user_id) VALUES(15, 15, 15);
INSERT INTO invoice (rs_invoice_id, rs_invoice_customer_id, rs_invoice_user_id) VALUES(16, 16, 16);
INSERT INTO invoice (rs_invoice_id, rs_invoice_customer_id, rs_invoice_user_id) VALUES(17, 17, 17);
INSERT INTO invoice (rs_invoice_id, rs_invoice_customer_id, rs_invoice_user_id) VALUES(18, 18, 18);
INSERT INTO invoice (rs_invoice_id, rs_invoice_customer_id, rs_invoice_user_id) VALUES(19, 19, 19);
INSERT INTO invoice (rs_invoice_id, rs_invoice_customer_id, rs_invoice_user_id) VALUES(20, 20, 20);
INSERT INTO invoice (rs_invoice_id, rs_invoice_customer_id, rs_invoice_user_id) VALUES(21, 21, 21);
INSERT INTO invoice (rs_invoice_id, rs_invoice_customer_id, rs_invoice_user_id) VALUES(22, 22, 22);
INSERT INTO invoice (rs_invoice_id, rs_invoice_customer_id, rs_invoice_user_id) VALUES(23, 23, 23);
INSERT INTO invoice (rs_invoice_id, rs_invoice_customer_id, rs_invoice_user_id) VALUES(24, 24, 24);
INSERT INTO invoice (rs_invoice_id, rs_invoice_customer_id, rs_invoice_user_id) VALUES(25, 25, 25);
-- Dummy data for invoice_line table
INSERT INTO invoice_line (rs_invoice_line_id, rs_invoice_line_invoice_id, rs_invoice_line_product_id, rs_invoice_line_order_line_quantity) VALUES(1, 1, 1, 2);
INSERT INTO invoice_line (rs_invoice_line_id, rs_invoice_line_invoice_id, rs_invoice_line_product_id, rs_invoice_line_order_line_quantity) VALUES(2, 2, 2, 1);
INSERT INTO invoice_line (rs_invoice_line_id, rs_invoice_line_invoice_id, rs_invoice_line_product_id, rs_invoice_line_order_line_quantity) VALUES(3, 3, 3, 3);
INSERT INTO invoice_line (rs_invoice_line_id, rs_invoice_line_invoice_id, rs_invoice_line_product_id, rs_invoice_line_order_line_quantity) VALUES(4, 4, 4, 2);
INSERT INTO invoice_line (rs_invoice_line_id, rs_invoice_line_invoice_id, rs_invoice_line_product_id, rs_invoice_line_order_line_quantity) VALUES(5, 5, 5, 1);
INSERT INTO invoice_line (rs_invoice_line_id, rs_invoice_line_invoice_id, rs_invoice_line_product_id, rs_invoice_line_order_line_quantity) VALUES(6, 6, 6, 3);
INSERT INTO invoice_line (rs_invoice_line_id, rs_invoice_line_invoice_id, rs_invoice_line_product_id, rs_invoice_line_order_line_quantity) VALUES(7, 7, 7, 2);
INSERT INTO invoice_line (rs_invoice_line_id, rs_invoice_line_invoice_id, rs_invoice_line_product_id, rs_invoice_line_order_line_quantity) VALUES(8, 8, 8, 1);
INSERT INTO invoice_line (rs_invoice_line_id, rs_invoice_line_invoice_id, rs_invoice_line_product_id, rs_invoice_line_order_line_quantity) VALUES(9, 9, 9, 3);
INSERT INTO invoice_line (rs_invoice_line_id, rs_invoice_line_invoice_id, rs_invoice_line_product_id, rs_invoice_line_order_line_quantity) VALUES(10, 10, 10, 2);
INSERT INTO invoice_line (rs_invoice_line_id, rs_invoice_line_invoice_id, rs_invoice_line_product_id, rs_invoice_line_order_line_quantity) VALUES(11, 11, 11, 1);
INSERT INTO invoice_line (rs_invoice_line_id, rs_invoice_line_invoice_id, rs_invoice_line_product_id, rs_invoice_line_order_line_quantity) VALUES(12, 12, 12, 3);
INSERT INTO invoice_line (rs_invoice_line_id, rs_invoice_line_invoice_id, rs_invoice_line_product_id, rs_invoice_line_order_line_quantity) VALUES(13, 13, 13, 2);
INSERT INTO invoice_line (rs_invoice_line_id, rs_invoice_line_invoice_id, rs_invoice_line_product_id, rs_invoice_line_order_line_quantity) VALUES(14, 14, 14, 1);
INSERT INTO invoice_line (rs_invoice_line_id, rs_invoice_line_invoice_id, rs_invoice_line_product_id, rs_invoice_line_order_line_quantity) VALUES(15, 15, 15, 3);
INSERT INTO invoice_line (rs_invoice_line_id, rs_invoice_line_invoice_id, rs_invoice_line_product_id, rs_invoice_line_order_line_quantity) VALUES(16, 16, 16, 2);
INSERT INTO invoice_line (rs_invoice_line_id, rs_invoice_line_invoice_id, rs_invoice_line_product_id, rs_invoice_line_order_line_quantity) VALUES(17, 17, 17, 1);
INSERT INTO invoice_line (rs_invoice_line_id, rs_invoice_line_invoice_id, rs_invoice_line_product_id, rs_invoice_line_order_line_quantity) VALUES(18, 18, 18, 3);
INSERT INTO invoice_line (rs_invoice_line_id, rs_invoice_line_invoice_id, rs_invoice_line_product_id, rs_invoice_line_order_line_quantity) VALUES(19, 19, 19, 2);
INSERT INTO invoice_line (rs_invoice_line_id, rs_invoice_line_invoice_id, rs_invoice_line_product_id, rs_invoice_line_order_line_quantity) VALUES(20, 20, 20, 1);
INSERT INTO invoice_line (rs_invoice_line_id, rs_invoice_line_invoice_id, rs_invoice_line_product_id, rs_invoice_line_order_line_quantity) VALUES(21, 21, 21, 3);
INSERT INTO invoice_line (rs_invoice_line_id, rs_invoice_line_invoice_id, rs_invoice_line_product_id, rs_invoice_line_order_line_quantity) VALUES(22, 22, 22, 2);
INSERT INTO invoice_line (rs_invoice_line_id, rs_invoice_line_invoice_id, rs_invoice_line_product_id, rs_invoice_line_order_line_quantity) VALUES(23, 23, 23, 1);
INSERT INTO invoice_line (rs_invoice_line_id, rs_invoice_line_invoice_id, rs_invoice_line_product_id, rs_invoice_line_order_line_quantity) VALUES(24, 24, 24, 3);
INSERT INTO invoice_line (rs_invoice_line_id, rs_invoice_line_invoice_id, rs_invoice_line_product_id, rs_invoice_line_order_line_quantity) VALUES(25, 25, 25, 2);
-- Dummy data for order table
INSERT INTO `order` (rs_order_id, rs_order_table_id, rs_order_date, rs_order_time, rs_order_customer_id, rs_order_amount_people, rs_order_menu_id) VALUES(1, 1, '2024-03-01', '12:30:00', 1, 4, 1);
INSERT INTO `order` (rs_order_id, rs_order_table_id, rs_order_date, rs_order_time, rs_order_customer_id, rs_order_amount_people, rs_order_menu_id) VALUES(2, 2, '2024-03-02', '18:30:00', 2, 6, 2);
INSERT INTO `order` (rs_order_id, rs_order_table_id, rs_order_date, rs_order_time, rs_order_customer_id, rs_order_amount_people, rs_order_menu_id) VALUES(3, 3, '2024-03-03', '20:30:00', 3, 8, 3);
INSERT INTO `order` (rs_order_id, rs_order_table_id, rs_order_date, rs_order_time, rs_order_customer_id, rs_order_amount_people, rs_order_menu_id) VALUES(4, 4, '2024-03-04', '16:30:00', 4, 6, 4);
INSERT INTO `order` (rs_order_id, rs_order_table_id, rs_order_date, rs_order_time, rs_order_customer_id, rs_order_amount_people, rs_order_menu_id) VALUES(5, 5, '2024-03-05', '20:30:00', 5, 8, 5);
INSERT INTO `order` (rs_order_id, rs_order_table_id, rs_order_date, rs_order_time, rs_order_customer_id, rs_order_amount_people, rs_order_menu_id) VALUES(6, 6, '2024-03-06', '12:30:00', 6, 4, 6);
INSERT INTO `order` (rs_order_id, rs_order_table_id, rs_order_date, rs_order_time, rs_order_customer_id, rs_order_amount_people, rs_order_menu_id) VALUES(7, 7, '2024-03-07', '18:30:00', 7, 6, 7);
INSERT INTO `order` (rs_order_id, rs_order_table_id, rs_order_date, rs_order_time, rs_order_customer_id, rs_order_amount_people, rs_order_menu_id) VALUES(8, 8, '2024-03-08', '19:30:00', 8, 8, 8);
INSERT INTO `order` (rs_order_id, rs_order_table_id, rs_order_date, rs_order_time, rs_order_customer_id, rs_order_amount_people, rs_order_menu_id) VALUES(9, 9, '2024-03-09', '13:30:00', 9, 4, 9);
INSERT INTO `order` (rs_order_id, rs_order_table_id, rs_order_date, rs_order_time, rs_order_customer_id, rs_order_amount_people, rs_order_menu_id) VALUES(10, 10, '2024-03-10', '17:30:00', 10, 6, 10);
INSERT INTO `order` (rs_order_id, rs_order_table_id, rs_order_date, rs_order_time, rs_order_customer_id, rs_order_amount_people, rs_order_menu_id) VALUES(11, 11, '2024-03-11', '20:30:00', 11, 8, 11);
INSERT INTO `order` (rs_order_id, rs_order_table_id, rs_order_date, rs_order_time, rs_order_customer_id, rs_order_amount_people, rs_order_menu_id) VALUES(12, 12, '2024-03-12', '14:30:00', 12, 6, 12);
INSERT INTO `order` (rs_order_id, rs_order_table_id, rs_order_date, rs_order_time, rs_order_customer_id, rs_order_amount_people, rs_order_menu_id) VALUES(13, 13, '2024-03-13', '16:30:00', 13, 4, 13);
INSERT INTO `order` (rs_order_id, rs_order_table_id, rs_order_date, rs_order_time, rs_order_customer_id, rs_order_amount_people, rs_order_menu_id) VALUES(14, 14, '2024-03-14', '18:30:00', 14, 6, 14);
INSERT INTO `order` (rs_order_id, rs_order_table_id, rs_order_date, rs_order_time, rs_order_customer_id, rs_order_amount_people, rs_order_menu_id) VALUES(15, 15, '2024-03-15', '20:30:00', 15, 8, 15);
INSERT INTO `order` (rs_order_id, rs_order_table_id, rs_order_date, rs_order_time, rs_order_customer_id, rs_order_amount_people, rs_order_menu_id) VALUES(16, 16, '2024-03-16', '12:30:00', 16, 4, 16);
INSERT INTO `order` (rs_order_id, rs_order_table_id, rs_order_date, rs_order_time, rs_order_customer_id, rs_order_amount_people, rs_order_menu_id) VALUES(17, 17, '2024-03-17', '18:30:00', 17, 6, 17);
INSERT INTO `order` (rs_order_id, rs_order_table_id, rs_order_date, rs_order_time, rs_order_customer_id, rs_order_amount_people, rs_order_menu_id) VALUES(18, 18, '2024-03-18', '19:30:00', 18, 8, 18);
INSERT INTO `order` (rs_order_id, rs_order_table_id, rs_order_date, rs_order_time, rs_order_customer_id, rs_order_amount_people, rs_order_menu_id) VALUES(19, 19, '2024-03-19', '13:30:00', 19, 4, 19);
INSERT INTO `order` (rs_order_id, rs_order_table_id, rs_order_date, rs_order_time, rs_order_customer_id, rs_order_amount_people, rs_order_menu_id) VALUES(20, 20, '2024-03-20', '17:30:00', 20, 6, 20);
INSERT INTO `order` (rs_order_id, rs_order_table_id, rs_order_date, rs_order_time, rs_order_customer_id, rs_order_amount_people, rs_order_menu_id) VALUES(21, 21, '2024-03-21', '20:30:00', 21, 8, 21);
INSERT INTO `order` (rs_order_id, rs_order_table_id, rs_order_date, rs_order_time, rs_order_customer_id, rs_order_amount_people, rs_order_menu_id) VALUES(22, 22, '2024-03-22', '14:30:00', 22, 6, 22);
INSERT INTO `order` (rs_order_id, rs_order_table_id, rs_order_date, rs_order_time, rs_order_customer_id, rs_order_amount_people, rs_order_menu_id) VALUES(23, 23, '2024-03-23', '16:30:00', 23, 4, 23);
INSERT INTO `order` (rs_order_id, rs_order_table_id, rs_order_date, rs_order_time, rs_order_customer_id, rs_order_amount_people, rs_order_menu_id) VALUES(24, 24, '2024-03-24', '18:30:00', 24, 6, 24);
INSERT INTO `order` (rs_order_id, rs_order_table_id, rs_order_date, rs_order_time, rs_order_customer_id, rs_order_amount_people, rs_order_menu_id) VALUES(25, 25, '2024-03-25', '20:30:00', 25, 8, 25);